Pawe≈Ç,Nowak1,s459,02.12.2001,Informatyka dzienne,Dzienne,1@pjwstk.edu.pl,Alina,Adam
Kaja,Jankowski29,s4816,02.12.2000,Sztuka Nowych Medi?w dzienne,Dzienne,29@pjwstk.edu.pl,Alina,Adam
Justyna,Kowalski30,s4749,02.12.2000,Sztuka Nowych Medi?w dzienne,Dzienne,30@pjwstk.edu.pl,Alina,Adam
Micha?,Nowak31,s4432,02.12.2000,Sztuka Nowych Medi?w dzienne,Dzienne,31@pjwstk.edu.pl,Alina,Adam
Kamil,Brz?czyszczykiewicz32,s4757,02.12.2000,Sztuka Nowych Medi?w dzienne,Dzienne,32@pjwstk.edu.pl,Alina,Adam
Marta,Maciejewski33,s4655,02.12.2000,Sztuka Nowych Medi?w dzienne,Dzienne,33@pjwstk.edu.pl,Alina,Adam
Szymon,Jankowski34,s4398,02.12.2000,Sztuka Nowych Medi?w dzienne,Dzienne,34@pjwstk.edu.pl,Alina,Adam
Joanna,Brz?czyszczykiewicz37,s4799,02.12.2000,Sztuka Nowych Medi?w dzienne,Dzienne,37@pjwstk.edu.pl,Alina,Adam
Irena,Maciejewski38,s4626,02.12.2000,Sztuka Nowych Medi?w dzienne,Dzienne,38@pjwstk.edu.pl,Alina,Adam
Adam,Jankowski39,s4446,02.12.2000,Sztuka Nowych Medi?w dzienne,Dzienne,39@pjwstk.edu.pl,Alina,Adam
Kacper,Kowalski40,s4396,02.12.2000,Sztuka Nowych Medi?w dzienne,Dzienne,40@pjwstk.edu.pl,Alina,Adam
Pawe?,Nowak41,s4902,02.12.2000,Sztuka Nowych Medi?w dzienne,Dzienne,41@pjwstk.edu.pl,Alina,Adam
Aleksandra,Brz?czyszczykiewicz42,s4434,02.12.2000,Sztuka Nowych Medi?w zaoczne,Zaoczne,42@pjwstk.edu.pl,Alina,Adam
Katarzyna,Maciejewski43,s4517,02.12.2000,Sztuka Nowych Medi?w dzienne,Dzienne,43@pjwstk.edu.pl,Alina,Adam
Grzegorz,Jankowski44,s4705,02.12.2000,Sztuka Nowych Medi?w dzienne,Dzienne,44@pjwstk.edu.pl,Alina,Adam
Adrian,Kowalski45,s4661,02.12.2000,Sztuka Nowych Medi?w dzienne,Dzienne,45@pjwstk.edu.pl,Alina,Adam
Jan,Nowak46,s4842,02.12.2000,Sztuka Nowych Medi?w dzienne,Dzienne,46@pjwstk.edu.pl,Alina,Adam
Jakub,Brz?czyszczykiewicz47,s4709,02.12.2000,Sztuka Nowych Medi?w dzienne,Dzienne,47@pjwstk.edu.pl,Alina,Adam
Iga,Maciejewski48,s4792,02.12.2000,Sztuka Nowych Medi?w dzienne,Dzienne,48@pjwstk.edu.pl,Alina,Adam
Jakub,Jankowski49,s4789,02.12.2000,Sztuka Nowych Medi?w dzienne,Dzienne,49@pjwstk.edu.pl,Alina,Adam
Maria,Kowalski50,s4708,02.12.2000,Sztuka Nowych Medi?w dzienne,Dzienne,50@pjwstk.edu.pl,Alina,Adam
Artur,Nowak51,s4404,02.12.2000,Sztuka Nowych Medi?w dzienne,Dzienne,51@pjwstk.edu.pl,Alina,Adam
Sabina,Brz?czyszczykiewicz52,s4513,02.12.2000,Sztuka Nowych Medi?w dzienne,Dzienne,52@pjwstk.edu.pl,Alina,Adam
?ukasz,Maciejewski53,s4442,02.12.2000,Sztuka Nowych Medi?w dzienne,Dzienne,53@pjwstk.edu.pl,Alina,Adam
Marcin,Jankowski54,s4732,02.12.2000,Sztuka Nowych Medi?w dzienne,Dzienne,54@pjwstk.edu.pl,Alina,Adam
Rafa?,Kowalski55,s4506,02.12.2000,Sztuka Nowych Medi?w dzienne,Dzienne,55@pjwstk.edu.pl,Alina,Adam
Jan,Nowak56,s4649,02.12.2000,Sztuka Nowych Medi?w dzienne,Dzienne,56@pjwstk.edu.pl,Alina,Adam
Jakub,Brz?czyszczykiewicz57,s4755,02.12.2000,Sztuka Nowych Medi?w dzienne,Dzienne,57@pjwstk.edu.pl,Alina,Adam
Julia,Maciejewski58,s4890,02.12.2000,Sztuka Nowych Medi?w dzienne,Dzienne,58@pjwstk.edu.pl,Alina,Adam
Karol,Jankowski59,s4594,02.12.2000,Sztuka Nowych Medi?w dzienne,Dzienne,59@pjwstk.edu.pl,Alina,Adam
Katarzyna,Nowak61,s4925,02.12.2000,Sztuka Nowych Medi?w dzienne,Dzienne,61@pjwstk.edu.pl,Alina,Adam
Marzena,Brz?czyszczykiewicz62,s4748,02.12.2000,Sztuka Nowych Medi?w dzienne,Dzienne,62@pjwstk.edu.pl,Alina,Adam
Filip,Maciejewski63,s4720,02.12.2000,Sztuka Nowych Medi?w dzienne,Dzienne,63@pjwstk.edu.pl,Alina,Adam
Karolina,Jankowski64,s4423,02.12.2000,Sztuka Nowych Medi?w dzienne,Dzienne,64@pjwstk.edu.pl,Alina,Adam
Mateusz,Kowalski65,s4299,02.12.2000,Sztuka Nowych Medi?w dzienne,Dzienne,65@pjwstk.edu.pl,Alina,Adam
Magdalena,Nowak66,s4629,02.12.2000,Sztuka Nowych Medi?w dzienne,Dzienne,66@pjwstk.edu.pl,Alina,Adam
Igor,Brz?czyszczykiewicz67,s4889,02.12.2000,Sztuka Nowych Medi?w dzienne,Dzienne,67@pjwstk.edu.pl,Alina,Adam
Bogumi?a,Maciejewski68,s4831,02.12.2000,Sztuka Nowych Medi?w dzienne,Dzienne,68@pjwstk.edu.pl,Alina,Adam
Pawe?,Jankowski69,s4478,02.12.2000,Sztuka Nowych Medi?w dzienne,Dzienne,69@pjwstk.edu.pl,Alina,Adam
Marta,Kowalski70,s4718,02.12.2000,Sztuka Nowych Medi?w dzienne,Dzienne,70@pjwstk.edu.pl,Alina,Adam
Kamil,Nowak71,s4741,02.12.2000,Sztuka Nowych Medi?w dzienne,Dzienne,71@pjwstk.edu.pl,Alina,Adam
Beata,Brz?czyszczykiewicz72,s4444,02.12.2000,Sztuka Nowych Medi?w dzienne,Dzienne,72@pjwstk.edu.pl,Alina,Adam
Kacper,Maciejewski73,s4552,02.12.2000,Sztuka Nowych Medi?w dzienne,Dzienne,73@pjwstk.edu.pl,Alina,Adam
Gustaw,Jankowski74,s4462,02.12.2000,Sztuka Nowych Medi?w dzienne,Dzienne,74@pjwstk.edu.pl,Alina,Adam
Arkadiusz,Kowalski75,s4414,02.12.2000,Sztuka Nowych Medi?w dzienne,Dzienne,75@pjwstk.edu.pl,Alina,Adam
Sonia,Nowak76,s4508,02.12.2000,Sztuka Nowych Medi?w dzienne,Dzienne,76@pjwstk.edu.pl,Alina,Adam
Sandra,Brz?czyszczykiewicz77,s4800,02.12.2000,Sztuka Nowych Medi?w dzienne,Dzienne,77@pjwstk.edu.pl,Alina,Adam
Ma?gorzata,Maciejewski78,s4429,02.12.2000,Sztuka Nowych Medi?w dzienne,Dzienne,78@pjwstk.edu.pl,Alina,Adam
Kiyomi,Jankowski79,s4927,02.12.2000,Sztuka Nowych Medi?w dzienne,Dzienne,79@pjwstk.edu.pl,Alina,Adam
Konrad,Kowalski80,s4502,02.12.2000,Sztuka Nowych Medi?w dzienne,Dzienne,80@pjwstk.edu.pl,Alina,Adam
Tomasz,Nowak81,s4744,02.12.2000,Sztuka Nowych Medi?w dzienne,Dzienne,81@pjwstk.edu.pl,Alina,Adam
Maciej,Brz?czyszczykiewicz82,s4477,02.12.2000,Sztuka Nowych Medi?w dzienne,Dzienne,82@pjwstk.edu.pl,Alina,Adam
Katarzyna,Maciejewski83,s4736,02.12.2000,Sztuka Nowych Medi?w dzienne,Dzienne,83@pjwstk.edu.pl,Alina,Adam
Klaudia,Jankowski84,s4849,02.12.2000,Sztuka Nowych Medi?w dzienne,Dzienne,84@pjwstk.edu.pl,Alina,Adam
Micha?,Kowalski85,s4819,02.12.2000,Sztuka Nowych Medi?w dzienne,Dzienne,85@pjwstk.edu.pl,Alina,Adam
Sebastian,Nowak86,s4445,02.12.2000,Sztuka Nowych Medi?w dzienne,Dzienne,86@pjwstk.edu.pl,Alina,Adam
Kamil,Brz?czyszczykiewicz87,s4707,02.12.2000,Sztuka Nowych Medi?w dzienne,Dzienne,87@pjwstk.edu.pl,Alina,Adam
Jagna,Maciejewski88,s4764,02.12.2000,Sztuka Nowych Medi?w dzienne,Dzienne,88@pjwstk.edu.pl,Alina,Adam
Izabela,Jankowski89,s4722,02.12.2000,Sztuka Nowych Medi?w dzienne,Dzienne,89@pjwstk.edu.pl,Alina,Adam
Mateusz,Kowalski90,s4452,02.12.2000,Sztuka Nowych Medi?w dzienne,Dzienne,90@pjwstk.edu.pl,Alina,Adam
Daria,Nowak91,s4545,02.12.2000,Sztuka Nowych Medi?w dzienne,Dzienne,91@pjwstk.edu.pl,Alina,Adam
Agnieszka,Brz?czyszczykiewicz92,s4771,02.12.2000,Sztuka Nowych Medi?w dzienne,Dzienne,92@pjwstk.edu.pl,Alina,Adam
Iwona,Maciejewski93,s4706,02.12.2000,Sztuka Nowych Medi?w dzienne,Dzienne,93@pjwstk.edu.pl,Alina,Adam
Aleksandra,Jankowski94,s4772,02.12.2000,Sztuka Nowych Medi?w dzienne,Dzienne,94@pjwstk.edu.pl,Alina,Adam
Tomasz,Kowalski95,s3374,02.12.2000,Informatyka dzienne,Dzienne,95@pjwstk.edu.pl,Alina,Adam
Jolanta,Nowak96,s4756,02.12.2000,Sztuka Nowych Medi?w dzienne,Dzienne,96@pjwstk.edu.pl,Alina,Adam
Aleksandra,Brz?czyszczykiewicz97,s4457,02.12.2000,Sztuka Nowych Medi?w dzienne,Dzienne,97@pjwstk.edu.pl,Alina,Adam
Pawe?,Brz?czyszczykiewicz252,s4412,02.12.2000,Informatyka dzienne po angielsku,Dzienne,252@pjwstk.edu.pl,Alina,Adam
Dariusz,Maciejewski253,s4525,02.12.2000,Informatyka dzienne,Dzienne,253@pjwstk.edu.pl,Alina,Adam
Kamil,Jankowski254,s4836,02.12.2000,Informatyka dzienne,Dzienne,254@pjwstk.edu.pl,Alina,Adam
?ukasz,Kowalski255,s4788,02.12.2000,Informatyka dzienne,Dzienne,255@pjwstk.edu.pl,Alina,Adam
Tomasz,Nowak256,s4474,02.12.2000,Informatyka dzienne po angielsku,Dzienne,256@pjwstk.edu.pl,Alina,Adam
Micha?,Brz?czyszczykiewicz257,s4454,02.12.2000,Informatyka dzienne,Dzienne,257@pjwstk.edu.pl,Alina,Adam
Patryk,Maciejewski258,s4443,02.12.2000,Informatyka dzienne,Dzienne,258@pjwstk.edu.pl,Alina,Adam
Bhagirath,Jankowski259,s4851,02.12.2000,Informatyka dzienne,Dzienne,259@pjwstk.edu.pl,Alina,Adam
Micha?,Kowalski260,s4579,02.12.2000,Informatyka dzienne,Dzienne,260@pjwstk.edu.pl,Alina,Adam
Marek,Nowak261,s4461,02.12.2000,Informatyka dzienne,Dzienne,261@pjwstk.edu.pl,Alina,Adam
Przemys?aw,Brz?czyszczykiewicz262,s4747,02.12.2000,Informatyka dzienne,Dzienne,262@pjwstk.edu.pl,Alina,Adam
Marcin,Maciejewski263,s4762,02.12.2000,Informatyka dzienne,Dzienne,263@pjwstk.edu.pl,Alina,Adam
Zuzanna,Jankowski264,s4413,02.12.2000,Zarz?dzanie informacj? dzienne (kierunek Zarz?dzanie),Dzienne,264@pjwstk.edu.pl,Alina,Adam
Micha?,Kowalski265,s4490,02.12.2000,Informatyka dzienne,Dzienne,265@pjwstk.edu.pl,Alina,Adam
Wojciech,Nowak266,s4554,02.12.2000,Informatyka dzienne po angielsku,Dzienne,266@pjwstk.edu.pl,Alina,Adam
Enkh-Amgalan,Brz?czyszczykiewicz267,s4340,02.12.2000,Informatyka dzienne,Dzienne,267@pjwstk.edu.pl,Alina,Adam
Adrian,Maciejewski268,s4586,02.12.2000,Informatyka dzienne,Dzienne,268@pjwstk.edu.pl,Alina,Adam
Bartosz,Jankowski269,s4798,02.12.2000,Informatyka dzienne,Dzienne,269@pjwstk.edu.pl,Alina,Adam
Jakub,Kowalski270,s4711,02.12.2000,Informatyka dzienne,Dzienne,270@pjwstk.edu.pl,Alina,Adam
Sebastian,Nowak271,s4056,02.12.2000,Informatyka dzienne,Dzienne,271@pjwstk.edu.pl,Alina,Adam
Aleksandra,Brz?czyszczykiewicz272,s4549,02.12.2000,Informatyka dzienne,Dzienne,272@pjwstk.edu.pl,Alina,Adam
Piotr,Maciejewski273,s4618,02.12.2000,Informatyka dzienne,Dzienne,273@pjwstk.edu.pl,Alina,Adam
Adrian,Jankowski274,s4530,02.12.2000,Informatyka dzienne,Dzienne,274@pjwstk.edu.pl,Alina,Adam
Andrzej,Kowalski275,s4607,02.12.2000,Informatyka dzienne,Dzienne,275@pjwstk.edu.pl,Alina,Adam
Wojciech,Nowak276,s4459,02.12.2000,Informatyka dzienne,Dzienne,276@pjwstk.edu.pl,Alina,Adam
Monika,Brz?czyszczykiewicz277,s4501,02.12.2000,Informatyka dzienne po angielsku,Dzienne,277@pjwstk.edu.pl,Alina,Adam
Jan,Maciejewski278,s4858,02.12.2000,Informatyka dzienne,Dzienne,278@pjwstk.edu.pl,Alina,Adam
Pawe?,Jankowski279,s4578,02.12.2000,Informatyka dzienne,Dzienne,279@pjwstk.edu.pl,Alina,Adam
Bartosz,Kowalski280,s4555,02.12.2000,Informatyka dzienne,Dzienne,280@pjwstk.edu.pl,Alina,Adam
Agata,Nowak281,s4589,02.12.2000,Informatyka dzienne,Dzienne,281@pjwstk.edu.pl,Alina,Adam
Matthew,Brz?czyszczykiewicz282,s4945,02.12.2000,Informatyka dzienne,Dzienne,282@pjwstk.edu.pl,Alina,Adam
Piotr,Maciejewski283,s4556,02.12.2000,Informatyka dzienne po angielsku,Dzienne,283@pjwstk.edu.pl,Alina,Adam
Grzegorz,Jankowski284,s4504,02.12.2000,Informatyka dzienne po angielsku,Dzienne,284@pjwstk.edu.pl,Alina,Adam
Sebastian,Kowalski285,s4505,02.12.2000,Informatyka dzienne,Dzienne,285@pjwstk.edu.pl,Alina,Adam
Filip,Nowak286,s4105,02.12.2000,Informatyka dzienne,Dzienne,286@pjwstk.edu.pl,Alina,Adam
Jakub,Brz?czyszczykiewicz287,s4487,02.12.2000,Informatyka dzienne,Dzienne,287@pjwstk.edu.pl,Alina,Adam
Artur,Maciejewski288,s4498,02.12.2000,Informatyka dzienne,Dzienne,288@pjwstk.edu.pl,Alina,Adam
Piotr,Jankowski289,s4471,02.12.2000,Informatyka dzienne,Dzienne,289@pjwstk.edu.pl,Alina,Adam
Ma?gorzata,Kowalski290,s4855,02.12.2000,Informatyka dzienne,Dzienne,290@pjwstk.edu.pl,Alina,Adam
Arkadiusz,Nowak291,s4752,02.12.2000,Informatyka dzienne,Dzienne,291@pjwstk.edu.pl,Alina,Adam
Jakub,Brz?czyszczykiewicz292,s4770,02.12.2000,Informatyka dzienne,Dzienne,292@pjwstk.edu.pl,Alina,Adam
Adam,Maciejewski293,s4476,02.12.2000,Informatyka dzienne,Dzienne,293@pjwstk.edu.pl,Alina,Adam
Tomasz,Jankowski294,s4724,02.12.2000,Informatyka dzienne,Dzienne,294@pjwstk.edu.pl,Alina,Adam
Piotr,Kowalski295,s4754,02.12.2000,Informatyka dzienne,Dzienne,295@pjwstk.edu.pl,Alina,Adam
Micha?,Nowak296,s4769,02.12.2000,Informatyka dzienne,Dzienne,296@pjwstk.edu.pl,Alina,Adam
Maciej,Brz?czyszczykiewicz297,s4499,02.12.2000,Informatyka dzienne,Dzienne,297@pjwstk.edu.pl,Alina,Adam
Jakub,Maciejewski298,s4733,02.12.2000,Informatyka dzienne,Dzienne,298@pjwstk.edu.pl,Alina,Adam
Kasper,Jankowski299,s4584,02.12.2000,Informatyka dzienne,Dzienne,299@pjwstk.edu.pl,Alina,Adam
Krzysztof,Kowalski300,s4514,02.12.2000,Informatyka dzienne,Dzienne,300@pjwstk.edu.pl,Alina,Adam
Micha?,Nowak301,s4448,02.12.2000,Informatyka dzienne,Dzienne,301@pjwstk.edu.pl,Alina,Adam
Pawe?,Brz?czyszczykiewicz302,s4664,02.12.2000,Informatyka dzienne,Dzienne,302@pjwstk.edu.pl,Alina,Adam
Katarzyna,Maciejewski303,s4935,02.12.2000,Informatyka dzienne,Dzienne,303@pjwstk.edu.pl,Alina,Adam
Konrad,Jankowski304,s4485,02.12.2000,Informatyka dzienne,Dzienne,304@pjwstk.edu.pl,Alina,Adam
Piotr,Kowalski305,s4456,02.12.2000,Informatyka dzienne,Dzienne,305@pjwstk.edu.pl,Alina,Adam
Jan,Nowak306,s4107,02.12.2000,Informatyka dzienne,Dzienne,306@pjwstk.edu.pl,Alina,Adam
Rados?aw,Brz?czyszczykiewicz307,s4482,02.12.2000,Informatyka dzienne po angielsku,Dzienne,307@pjwstk.edu.pl,Alina,Adam
Kacper,Maciejewski308,s4817,02.12.2000,Informatyka dzienne,Dzienne,308@pjwstk.edu.pl,Alina,Adam
Tomasz,Jankowski309,s4765,02.12.2000,Informatyka dzienne,Dzienne,309@pjwstk.edu.pl,Alina,Adam
Lech,Kowalski310,s4387,02.12.2000,Informatyka dzienne,Dzienne,310@pjwstk.edu.pl,Alina,Adam
B?a?ej,Nowak311,s4509,02.12.2000,Informatyka dzienne po angielsku,Dzienne,311@pjwstk.edu.pl,Alina,Adam
Karol,Brz?czyszczykiewicz312,s4609,02.12.2000,Informatyka dzienne,Dzienne,312@pjwstk.edu.pl,Alina,Adam
Pawe?,Maciejewski313,s4481,02.12.2000,Informatyka dzienne,Dzienne,313@pjwstk.edu.pl,Alina,Adam
Wojciech,Jankowski314,s4512,02.12.2000,Informatyka dzienne po angielsku,Dzienne,314@pjwstk.edu.pl,Alina,Adam
Maciej,Kowalski315,s4782,02.12.2000,Informatyka dzienne,Dzienne,315@pjwstk.edu.pl,Alina,Adam
Micha?,Nowak316,s4492,02.12.2000,Informatyka dzienne,Dzienne,316@pjwstk.edu.pl,Alina,Adam
Piotr,Brz?czyszczykiewicz317,s4531,02.12.2000,Informatyka dzienne,Dzienne,317@pjwstk.edu.pl,Alina,Adam
Marcin,Maciejewski318,s4406,02.12.2000,Informatyka dzienne po angielsku,Dzienne,318@pjwstk.edu.pl,Alina,Adam
Krzysztof,Jankowski319,s4394,02.12.2000,Informatyka dzienne,Dzienne,319@pjwstk.edu.pl,Alina,Adam
Micha?,Kowalski320,s4627,02.12.2000,Informatyka internetowe magisterskie,Internetowe,320@pjwstk.edu.pl,Alina,Adam
Krzysztof,Nowak321,s4830,02.12.2000,Informatyka dzienne,Dzienne,321@pjwstk.edu.pl,Alina,Adam
Adrian,Brz?czyszczykiewicz322,s4486,02.12.2000,Informatyka dzienne,Dzienne,322@pjwstk.edu.pl,Alina,Adam
Mariusz,Maciejewski323,s4447,02.12.2000,Informatyka dzienne po angielsku,Dzienne,323@pjwstk.edu.pl,Alina,Adam
Bartosz,Jankowski324,s4580,02.12.2000,Informatyka dzienne po angielsku,Dzienne,324@pjwstk.edu.pl,Alina,Adam
Piotr,Kowalski325,s4284,02.12.2000,Informatyka dzienne,Dzienne,325@pjwstk.edu.pl,Alina,Adam
Micha?,Nowak326,s4440,02.12.2000,Informatyka dzienne,Dzienne,326@pjwstk.edu.pl,Alina,Adam
Aleksander,Brz?czyszczykiewicz327,s4410,02.12.2000,Informatyka dzienne po angielsku,Dzienne,327@pjwstk.edu.pl,Alina,Adam
Andrzej,Maciejewski328,s4615,02.12.2000,Informatyka dzienne,Dzienne,328@pjwstk.edu.pl,Alina,Adam
Pawe?,Jankowski329,s4796,02.12.2000,Informatyka dzienne,Dzienne,329@pjwstk.edu.pl,Alina,Adam
Pawe?,Kowalski330,s4458,02.12.2000,Informatyka dzienne,Dzienne,330@pjwstk.edu.pl,Alina,Adam
Nakul,Brz?czyszczykiewicz332,s4942,02.12.2000,Informatyka dzienne po angielsku,Dzienne,332@pjwstk.edu.pl,Alina,Adam
Tomoto,Maciejewski333,s4614,02.12.2000,Informatyka dzienne,Dzienne,333@pjwstk.edu.pl,Alina,Adam
Krzysztof,Jankowski334,s4822,02.12.2000,Informatyka dzienne,Dzienne,334@pjwstk.edu.pl,Alina,Adam
Adam,Kowalski335,s4433,02.12.2000,Informatyka dzienne po angielsku,Dzienne,335@pjwstk.edu.pl,Alina,Adam
Jan,Nowak336,s4557,02.12.2000,Informatyka dzienne,Dzienne,336@pjwstk.edu.pl,Alina,Adam
Gabriel,Brz?czyszczykiewicz337,s4599,02.12.2000,Informatyka dzienne,Dzienne,337@pjwstk.edu.pl,Alina,Adam
Micha?,Maciejewski338,s4419,02.12.2000,Informatyka dzienne,Dzienne,338@pjwstk.edu.pl,Alina,Adam
Micha?,Jankowski339,s4828,02.12.2000,Informatyka dzienne,Dzienne,339@pjwstk.edu.pl,Alina,Adam
Kacper,Kowalski340,s4460,02.12.2000,Informatyka dzienne,Dzienne,340@pjwstk.edu.pl,Alina,Adam
Adrian,Nowak341,s4058,02.12.2000,Informatyka dzienne,Dzienne,341@pjwstk.edu.pl,Alina,Adam
Micha?,Brz?czyszczykiewicz342,s4524,02.12.2000,Informatyka dzienne po angielsku,Dzienne,342@pjwstk.edu.pl,Alina,Adam
Katarzyna,Maciejewski343,s4588,02.12.2000,Informatyka dzienne,Dzienne,343@pjwstk.edu.pl,Alina,Adam
Piotr,Jankowski344,s4743,02.12.2000,Informatyka dzienne,Dzienne,344@pjwstk.edu.pl,Alina,Adam
Karol,Kowalski345,s4721,02.12.2000,Informatyka dzienne,Dzienne,345@pjwstk.edu.pl,Alina,Adam
Rados?aw,Nowak346,s4544,02.12.2000,Informatyka dzienne po angielsku,Dzienne,346@pjwstk.edu.pl,Alina,Adam
Marco,Brz?czyszczykiewicz347,s4426,02.12.2000,Informatyka dzienne,Dzienne,347@pjwstk.edu.pl,Alina,Adam
Jagoda,Maciejewski348,s4532,02.12.2000,Informatyka dzienne,Dzienne,348@pjwstk.edu.pl,Alina,Adam
Tomasz,Jankowski349,s4480,02.12.2000,Informatyka dzienne,Dzienne,349@pjwstk.edu.pl,Alina,Adam
Przemys?aw,Kowalski350,s4441,02.12.2000,Informatyka dzienne,Dzienne,350@pjwstk.edu.pl,Alina,Adam
Micha?,Nowak351,s4523,02.12.2000,Informatyka dzienne,Dzienne,351@pjwstk.edu.pl,Alina,Adam
Bartosz,Brz?czyszczykiewicz352,s4766,02.12.2000,Informatyka dzienne,Dzienne,352@pjwstk.edu.pl,Alina,Adam
Achut,Maciejewski353,s4941,02.12.2000,Informatyka dzienne po angielsku,Dzienne,353@pjwstk.edu.pl,Alina,Adam
Aleksander,Jankowski354,s4647,02.12.2000,Informatyka dzienne po angielsku,Dzienne,354@pjwstk.edu.pl,Alina,Adam
Jan,Kowalski355,s4500,02.12.2000,Informatyka dzienne,Dzienne,355@pjwstk.edu.pl,Alina,Adam
Yuriy,Nowak356,s4422,02.12.2000,Informatyka dzienne,Dzienne,356@pjwstk.edu.pl,Alina,Adam
Micha?,Brz?czyszczykiewicz357,s4660,02.12.2000,Informatyka dzienne po angielsku,Dzienne,357@pjwstk.edu.pl,Alina,Adam
Micha?,Maciejewski358,s4521,02.12.2000,Informatyka dzienne po angielsku,Dzienne,358@pjwstk.edu.pl,Alina,Adam
Piotr,Jankowski359,s4585,02.12.2000,Informatyka dzienne,Dzienne,359@pjwstk.edu.pl,Alina,Adam
Miko?aj,Kowalski360,s3081,02.12.2000,Informatyka dzienne,Dzienne,360@pjwstk.edu.pl,Alina,Adam
Dariusz,Nowak361,s4710,02.12.2000,Informatyka dzienne,Dzienne,361@pjwstk.edu.pl,Alina,Adam
Anna,Brz?czyszczykiewicz362,s4385,02.12.2000,Informatyka dzienne,Dzienne,362@pjwstk.edu.pl,Alina,Adam
Piotr,Maciejewski363,s4529,02.12.2000,Informatyka dzienne,Dzienne,363@pjwstk.edu.pl,Alina,Adam
Micha?,Jankowski364,s4522,02.12.2000,Informatyka zaoczne,Zaoczne,364@pjwstk.edu.pl,Alina,Adam
Dawid,Kowalski365,s4827,02.12.2000,Informatyka dzienne,Dzienne,365@pjwstk.edu.pl,Alina,Adam
Karol,Nowak366,s4518,02.12.2000,Informatyka dzienne,Dzienne,366@pjwstk.edu.pl,Alina,Adam
Adrian,Brz?czyszczykiewicz367,s4384,02.12.2000,Informatyka dzienne,Dzienne,367@pjwstk.edu.pl,Alina,Adam
?ukasz,Maciejewski368,s4496,02.12.2000,Informatyka dzienne,Dzienne,368@pjwstk.edu.pl,Alina,Adam
Adam,Jankowski369,s4750,02.12.2000,Informatyka dzienne,Dzienne,369@pjwstk.edu.pl,Alina,Adam
Arkadiusz,Kowalski370,s4111,02.12.2000,Informatyka dzienne,Dzienne,370@pjwstk.edu.pl,Alina,Adam
Jakub,Nowak371,s4484,02.12.2000,Informatyka dzienne,Dzienne,371@pjwstk.edu.pl,Alina,Adam
Micha?,Brz?czyszczykiewicz372,s4483,02.12.2000,Informatyka dzienne po angielsku,Dzienne,372@pjwstk.edu.pl,Alina,Adam
Tomasz,Maciejewski373,s4751,02.12.2000,Informatyka dzienne,Dzienne,373@pjwstk.edu.pl,Alina,Adam
Rados?aw,Jankowski374,s4528,02.12.2000,Informatyka dzienne,Dzienne,374@pjwstk.edu.pl,Alina,Adam
Pawe?,Kowalski375,s4533,02.12.2000,Informatyka dzienne,Dzienne,375@pjwstk.edu.pl,Alina,Adam
Przemys?aw,Nowak376,s4814,02.12.2000,Informatyka dzienne,Dzienne,376@pjwstk.edu.pl,Alina,Adam
Adam,Brz?czyszczykiewicz377,s4753,02.12.2000,Informatyka dzienne,Dzienne,377@pjwstk.edu.pl,Alina,Adam
Dawid,Maciejewski378,s4520,02.12.2000,Informatyka dzienne,Dzienne,378@pjwstk.edu.pl,Alina,Adam
Adrian,Jankowski379,s4837,02.12.2000,Informatyka dzienne,Dzienne,379@pjwstk.edu.pl,Alina,Adam
S?awomir,Kowalski380,s4611,02.12.2000,Informatyka dzienne,Dzienne,380@pjwstk.edu.pl,Alina,Adam
Rafa?,Nowak381,s4616,02.12.2000,Informatyka dzienne,Dzienne,381@pjwstk.edu.pl,Alina,Adam
Agnieszka,Brz?czyszczykiewicz382,s4603,02.12.2000,Informatyka dzienne po angielsku,Dzienne,382@pjwstk.edu.pl,Alina,Adam
